n_spikes,duration,intraburst_freq,energy,energy_per_spike
2,8.040000000000001,124.37810945273631,2032.1630471222359,1016.0815235611179
2,8.030000000000001,124.53300124533,2034.3418008892681,1017.1709004446341
