scale_ms,mean_efficiency,std_efficiency,cv_efficiency,n_windows
10,2747.7521973614253,0.0,0.0,499
25,5243.802253349701,0.0,0.0,199
50,8974.874313069253,0.0,0.0,99
100,17117.29655245295,0.0,0.0,49
250,41359.01817090896,0.0,0.0,19
500,81421.71443377985,0.0,0.0,9
1000,159280.77739207444,0.0,0.0,4
